periodo;data_inicio;data_fim;total_artigos;artigos_instabilidade;artigos_estabilidade;porcentagem_instabilidade;títulos_amostra;resumo_analise
2017-07-1;10/07/2017;24/07/2017;7;2;5;28.57;"Saúde libera R$ 20 milhões para estudos sobre a nutrição dos brasileiros; Cabral admite uso generalizado de caixa 2 nas campanhas";"Detectada instabilidade política em 2 de 7 artigos (28.6%). Principais indicadores: [""Palavras 'diário' encontradas (indicador de estabilidade)"", ""Palavra-chave 'parlamentar' encontrada (categoria: governabilidade)""]"
2018-01-2;06/01/2018;20/01/2018;28;18;10;64.29;"Família de bebê atropelada em Copacabana quer indenização de motorista; Trump não negociará sobre imigração enquanto durar paralisação do governo; Atentado em hotel de Cabul deixa 3 feridos; dois envolvidos em ataque são mortos";"Detectada instabilidade política em 18 de 28 artigos (64.3%). Principais indicadores: [""Palavra-chave 'protesto' encontrada (categoria: protestos)"", ""Palavra-chave 'crise' encontrada (categoria: crises)"", ""Palavra-chave 'urgente' encontrada (categoria: crises)""]"
2018-01-3;21/01/2018;04/02/2018;733;464;269;63.30;"Pesquisadores comprovam que fumaça das queimadas da Amazônia pode causar câncer; Dia de Combate à Intolerância Religiosa homenageia Abdias Nascimento; Curador da Mostra de Tiradentes pede editais para filmes dirigidos por negros";"Detectada instabilidade política em 464 de 733 artigos (63.3%). Principais indicadores: [""Palavra-chave 'mudança' encontrada (categoria: mudanças)"", ""Palavra-chave 'violência' encontrada (categoria: violencia)"", ""Palavra-chave 'mudança' encontrada (categoria: mudanças)""]"
2018-02-4;05/02/2018;19/02/2018;832;521;311;62.62;"Interventor do Sesc/Senac Rio faz balanço e critica gestão do antecessor; Morto aos 76 anos, ex-deputado Caó marcou na Constituição sua luta antirracista; CNI diz que mais da metade da indústria do país precisa dar um salto tecnológico";"Detectada instabilidade política em 521 de 832 artigos (62.6%). Principais indicadores: [""Palavra-chave 'disputa' encontrada (categoria: conflitos)"", ""Palavra-chave 'parlamentar' encontrada (categoria: governabilidade)"", ""Palavra-chave 'mudança' encontrada (categoria: mudanças)""]"
2018-02-5;20/02/2018;06/03/2018;851;560;291;65.80;"Senadores discutem decreto de intervenção no Rio de Janeiro; Câmara entra com ação no STF para garantir prerrogativa de cassar deputado; Exército diz em nota que equipe de intervenção será anunciada nos próximos dias";"Detectada instabilidade política em 560 de 851 artigos (65.8%). Principais indicadores: [""Palavra-chave 'crise' encontrada (categoria: crises)"", ""Palavra-chave 'parlamentar' encontrada (categoria: governabilidade)"", ""Palavra-chave 'militar' encontrada (categoria: golpes)""]"
2018-03-6;07/03/2018;21/03/2018;833;567;266;68.07;"Temer e Cármen Lúcia participam de seminário que celebra 25 anos da AGU; Deputados aprovam projeto com perda do poder familiar em caso de feminicídio; Câmara aprova crime de importunação sexual e aumenta pena para estupro coletivo";"Detectada instabilidade política em 567 de 833 artigos (68.1%). Principais indicadores: [""Palavra-chave 'conflito' encontrada (categoria: conflitos)"", ""Palavra-chave 'violência' encontrada (categoria: violencia)"", ""Palavra-chave 'crime' encontrada (categoria: violencia)""]"
2018-03-7;22/03/2018;05/04/2018;789;523;266;66.29;"Mineradoras terão que garantir exames de saúde a moradores de Barcarena; Pezão diz que ficou surpreso com o total de recursos para a segurança do Rio; Fórum debate adaptação de comunidades tradicionais às mudanças climáticas";"Detectada instabilidade política em 523 de 789 artigos (66.3%). Principais indicadores: [""Palavra-chave 'emergência' encontrada (categoria: crises)"", ""Palavra-chave 'militar' encontrada (categoria: golpes)"", ""Palavra-chave 'mudança' encontrada (categoria: mudanças)""]"
2018-04-8;06/04/2018;20/04/2018;876;621;255;70.89;"Mais de 50 cidades têm atos a favor do ex-presidente Lula; Justiça Federal nega pedido da prefeitura de BH para administrar Anel Rodoviário; Cármen Lúcia mantém relatoria de novo recurso de Lula com Edson Fachin";"Detectada instabilidade política em 621 de 876 artigos (70.9%). Principais indicadores: [""Palavra-chave 'incidente' encontrada (categoria: golpes)"", ""Palavra-chave 'tensão' encontrada (categoria: conflitos)"", ""Palavra-chave 'impasse' encontrada (categoria: governabilidade)""]"
2018-04-9;21/04/2018;05/05/2018;753;483;270;64.14;"Brasil comemora suspensão dos testes nucleares da Coreia do Norte; Receita espera por 14 milhões de declarações do IR até 30 de abril; Governo pode adiar reajuste dos servidores, diz ministro da Fazenda";"Detectada instabilidade política em 483 de 753 artigos (64.1%). Principais indicadores: [""Palavra-chave 'tensão' encontrada (categoria: conflitos)"", ""Palavra-chave 'incidente' encontrada (categoria: golpes)"", ""Palavra-chave 'disputa' encontrada (categoria: conflitos)""]"
2018-05-10;06/05/2018;20/05/2018;839;582;257;69.37;"Líbano tem eleição com participação de 49,2% da população, diz governo; Em Boa Vista, 871 venezuelanos são levados de praça para abrigos; Com desvalorização do peso, Argentina sobe juros para 40% ao ano";"Detectada instabilidade política em 582 de 839 artigos (69.4%). Principais indicadores: [""Palavra-chave 'parlamentar' encontrada (categoria: governabilidade)"", ""Palavra-chave 'crise' encontrada (categoria: crises)"", 'Contexto político negativo detectado na análise qualitativa']"
2018-05-11;21/05/2018;04/06/2018;1167;823;344;70.52;"Desabrigados de edifício que caiu passam segunda noite de frio na rua; MP denuncia 18 participantes de festa da milícia na zona oeste do Rio; Vice-secretário de Estado dos EUA vem ao Brasil discutir Venezuela";"Detectada instabilidade política em 823 de 1167 artigos (70.5%). Principais indicadores: [""Palavra-chave 'emergência' encontrada (categoria: crises)"", ""Palavra-chave 'mudança' encontrada (categoria: mudanças)"", ""Palavra-chave 'crise' encontrada (categoria: crises)""]"
2018-06-12;05/06/2018;19/06/2018;992;617;375;62.20;"Secretário-geral da OEA comemora decisão sobre Venezuela; México impõe tarifas de importação aos EUA em retaliação ao aço; OEA abre caminho para suspender Venezuela com 19 votos favoráveis";"Detectada instabilidade política em 617 de 992 artigos (62.2%). Principais indicadores: [""Palavra-chave 'crise' encontrada (categoria: crises)"", ""Palavra-chave 'emergência' encontrada (categoria: crises)"", ""Palavra-chave 'crise' encontrada (categoria: crises)""]"
2018-06-13;20/06/2018;04/07/2018;1030;647;383;62.82;"Morre estudante baleado durante operação policial no Complexo da Maré; MinC vai habilitar entidades para recolher direitos autorais; Reajuste na tarifa dos ônibus do Rio vale a partir desta quinta-feira";"Detectada instabilidade política em 647 de 1030 artigos (62.8%). Principais indicadores: [""Palavra-chave 'militar' encontrada (categoria: golpes)"", ""Palavra-chave 'crime' encontrada (categoria: violencia)"", ""Palavra-chave 'colapso' encontrada (categoria: crises)""]"
2018-07-14;05/07/2018;19/07/2018;864;513;351;59.38;"Governo do Rio paga regime adicional de serviço à Polícia Civil; Indústria de petróleo do Rio teve perda de postos de trabalho em 2017; Programa automotivo vai conceder R$ 1,5 bilhão em crédito tributário";"Detectada instabilidade política em 513 de 864 artigos (59.4%). Principais indicadores: [""Palavra-chave 'militar' encontrada (categoria: golpes)"", ""Palavra-chave 'crise' encontrada (categoria: crises)"", ""Palavra-chave 'incidente' encontrada (categoria: golpes)""]"
2018-07-15;20/07/2018;03/08/2018;905;531;374;58.67;"Pesquisadora feminista se ausenta de Brasília após ameaças; PSTU confirma candidatura de Vera Lúcia e não fará coligação; Justiça de Minas Gerais nega pedido de liberdade a Eduardo Azeredo";"Detectada instabilidade política em 531 de 905 artigos (58.7%). Principais indicadores: [""Palavra-chave 'violência' encontrada (categoria: violencia)"", ""Palavra-chave 'crise' encontrada (categoria: crises)"", ""Palavra-chave 'tensão' encontrada (categoria: conflitos)""]"
2018-08-16;04/08/2018;18/08/2018;827;534;293;64.57;"Partidos já escolheram 13 candidatos a presidente; veja quem são; Receita alerta para “golpe do amor” com falso envio de presentes; PR aprova apoio a Alckmin na disputa presidencial";"Detectada instabilidade política em 534 de 827 artigos (64.6%). Principais indicadores: [""Palavra-chave 'disputa' encontrada (categoria: conflitos)"", ""Palavra-chave 'golpe' encontrada (categoria: golpes)"", ""Palavra-chave 'disputa' encontrada (categoria: conflitos)""]"
2018-08-17;19/08/2018;02/09/2018;873;581;292;66.55;"Jungmann viaja para Colômbia para discutir segurança nas fronteiras; Parque revela restauração de mangue devastado na Baía de Guanabara; Governo enviará 120 militares e 36 voluntários da saúde para Roraima";"Detectada instabilidade política em 581 de 873 artigos (66.6%). Principais indicadores: [""Palavra-chave 'violência' encontrada (categoria: violencia)"", ""Palavra-chave 'disputa' encontrada (categoria: conflitos)"", ""Palavra-chave 'crise' encontrada (categoria: crises)""]"
2018-09-18;03/09/2018;17/09/2018;845;502;343;59.41;"Ato no centro do Rio reúne manifestantes em defesa do Museu Nacional; ONG pede ação integrada de países para atender à imigração venezuelana; General anuncia plano de transição para intervenção na segurança";"Detectada instabilidade política em 502 de 845 artigos (59.4%). Principais indicadores: [""Palavra-chave 'choque' encontrada (categoria: conflitos)"", ""Palavra-chave 'crise' encontrada (categoria: crises)"", ""Palavra-chave 'militar' encontrada (categoria: golpes)""]"
2018-09-19;18/09/2018;02/10/2018;877;538;339;61.35;"Próximo presidente terá que fazer reforma da Previdência, diz Temer; Polícia apreende carro blindado usado pelo crime organizado em Angra; Yanomamis liberam servidores retidos em Roraima";"Detectada instabilidade política em 538 de 877 artigos (61.3%). Principais indicadores: [""Palavra-chave 'reforma' encontrada (categoria: mudanças)"", ""Palavra-chave 'militar' encontrada (categoria: golpes)"", ""Palavra-chave 'impasse' encontrada (categoria: governabilidade)""]"
2018-10-20;03/10/2018;17/10/2018;975;698;277;71.59;"Toffoli volta a decidir contra autorização para entrevista de Lula; Negócios em casa aliam economia no aluguel e qualidade de vida; Mineradora Hydro Alunorte anuncia suspensão de operações no Pará";"Detectada instabilidade política em 698 de 975 artigos (71.6%). Principais indicadores: [""Palavra-chave 'tensão' encontrada (categoria: conflitos)"", ""Palavra-chave 'crise' encontrada (categoria: crises)"", ""Palavra-chave 'alteração' encontrada (categoria: mudanças)""]"
2018-10-21;18/10/2018;01/11/2018;1047;717;330;68.48;"PF faz operação contra a pesca ilegal de camarão no Rio de Janeiro; Dois delegados e cinco agentes da Polícia Civil são presos no Rio; Preso ex-dirigente da federação de ginástica dos EUA";"Detectada instabilidade política em 717 de 1047 artigos (68.5%). Principais indicadores: [""Palavra-chave 'crime' encontrada (categoria: violencia)"", ""Palavra-chave 'militar' encontrada (categoria: golpes)"", ""Palavra-chave 'crime' encontrada (categoria: violencia)""]"
2018-11-22;02/11/2018;16/11/2018;812;539;273;66.38;"Enem: bom uso do português será diferencial na redação, diz professor; Terremoto de 6,2 graus atinge o Norte do Chile sem deixar vítimas; Países balcânicos planejam candidatura conjunta para a Copa de 2030";"Detectada instabilidade política em 539 de 812 artigos (66.4%). Principais indicadores: [""Palavra-chave 'intervenção' encontrada (categoria: golpes)"", ""Palavra-chave 'emergência' encontrada (categoria: crises)"", ""Palavra-chave 'disputa' encontrada (categoria: conflitos)""]"
2018-11-23;17/11/2018;01/12/2018;902;565;337;62.64;"Parlamento cubano rejeita resolução da Eurocâmara sobre direitos human; Defensoria Pública pede à Justiça manutenção de regras do Mais Médicos; Turquia não encontra DNA de Khashoggi no consulado saudita em Istambul";"Detectada instabilidade política em 565 de 902 artigos (62.6%). Principais indicadores: [""Palavra-chave 'reforma' encontrada (categoria: mudanças)"", ""Palavra-chave 'mudança' encontrada (categoria: mudanças)"", ""Palavra-chave 'crime' encontrada (categoria: violencia)""]"
2018-12-24;02/12/2018;16/12/2018;917;618;299;67.39;"Final da Libertadores em Madri é ""irreversível"", diz Conmebol; Macron visita Arco do Triunfo para comprovar danos após protestos; Polícia recomenda que Netanyahu seja acusado por corrupção";"Detectada instabilidade política em 618 de 917 artigos (67.4%). Principais indicadores: [""Palavra-chave 'violência' encontrada (categoria: violencia)"", ""Palavra-chave 'emergência' encontrada (categoria: crises)"", ""Palavra-chave 'conflito' encontrada (categoria: conflitos)""]"
2018-12-25;17/12/2018;31/12/2018;674;408;266;60.53;"Defesa deve pedir hoje prisão domiciliar para João de Deus; Capilé chega ao Rio e deve responder por homicídio e tráfico de drogas; Operação procura acusados de corrupção no transporte alternativo no RJ";"Detectada instabilidade política em 408 de 674 artigos (60.5%). Principais indicadores: [""Palavra-chave 'atentado' encontrada (categoria: golpes)"", ""Palavra-chave 'crime' encontrada (categoria: violencia)"", ""Palavra-chave 'militar' encontrada (categoria: golpes)""]"
2019-01-26;01/01/2019;15/01/2019;703;451;252;64.15;"Bolsonaro, 38º presidente do país, toma posse hoje à tarde; Bolsonaro passa a manhã na Granja do Torto e tomará posse à tarde; Futuro governo Bolsonaro é destaque na imprensa mundial";"Detectada instabilidade política em 451 de 703 artigos (64.2%). Principais indicadores: [""Palavra-chave 'parlamentar' encontrada (categoria: governabilidade)"", ""Palavra-chave 'presidencial' encontrada (categoria: eleições)"", ""Palavra-chave 'parlamentar' encontrada (categoria: governabilidade)""]"
2019-01-27;16/01/2019;30/01/2019;790;487;303;61.65;"Bolsonaro: visita de Macri serve para reforçar laços; Militares vão atuar de forma mais intensa no Programa Mais Médicos; Terror no Quênia mata 15, incluindo um norte-americano e 4 britânicos";"Detectada instabilidade política em 487 de 790 artigos (61.6%). Principais indicadores: [""Palavra-chave 'crise' encontrada (categoria: crises)"", ""Palavra-chave 'militar' encontrada (categoria: golpes)"", ""Palavra-chave 'atentado' encontrada (categoria: golpes)""]"
2019-01-28;31/01/2019;14/02/2019;855;504;351;58.95;"Agricultura estuda mudar financiamento do agronegócio e seguro rural; No 7º dia após desastre, esperança diminui e número de vítimas aumenta; Vale começa a cadastrar pessoas com parentes mortos ou desaparecidos";"Detectada instabilidade política em 504 de 855 artigos (58.9%). Principais indicadores: [""Palavra-chave 'mudança' encontrada (categoria: mudanças)"", ""Palavra-chave 'militar' encontrada (categoria: golpes)"", 'Contexto político negativo detectado na análise qualitativa']"
2019-02-29;15/02/2019;01/03/2019;759;464;295;61.13;"Espanha deve antecipar eleições para abril; Ato na Candelária homenageia vítimas de Brumadinho e do Flamengo; Militares venezuelanos bloqueiam ponte entre Colômbia e Venezuela";"Detectada instabilidade política em 464 de 759 artigos (61.1%). Principais indicadores: [""Palavra-chave 'protesto' encontrada (categoria: protestos)"", ""Palavra-chave 'violência' encontrada (categoria: violencia)"", ""Palavra-chave 'impasse' encontrada (categoria: governabilidade)""]"
2019-03-30;02/03/2019;16/03/2019;684;450;234;65.79;"São Paulo reforça policiamento para garantir segurança dos foliões; São Paulo tem primeira noite de desfiles de escolas de samba; Carros alegóricos bloqueiam saída de ônibus da Rodoviária Novo Rio";"Detectada instabilidade política em 450 de 684 artigos (65.8%). Principais indicadores: [""Palavra-chave 'militar' encontrada (categoria: golpes)"", ""Palavra-chave 'militar' encontrada (categoria: golpes)"", ""Palavra-chave 'movimento' encontrada (categoria: protestos)""]"
2019-03-31;17/03/2019;31/03/2019;685;475;210;69.34;"Escolas precisam se preparar para situações de violência; Treze de 16 docentes relataram casos de agressão na escola de Suzano; Acordo com EUA para uso de Alcântara coloca país em mercado bilionário";"Detectada instabilidade política em 475 de 685 artigos (69.3%). Principais indicadores: [""Palavra-chave 'conflito' encontrada (categoria: conflitos)"", ""Palavra-chave 'golpe' encontrada (categoria: golpes)"", ""Palavra-chave 'legislativo' encontrada (categoria: eleições)""]"
2019-04-32;01/04/2019;15/04/2019;700;444;256;63.43;"Japão prepara o início de uma nova era, a Reiwa; Bolsonaro condecora em Israel militares que trabalharam em Brumadinho; Relatório do orçamento impositivo será lido quarta-feira no Senado";"Detectada instabilidade política em 444 de 700 artigos (63.4%). Principais indicadores: [""Palavra-chave 'mudança' encontrada (categoria: mudanças)"", ""Palavra-chave 'militar' encontrada (categoria: golpes)"", ""Palavra-chave 'parlamentar' encontrada (categoria: governabilidade)""]"
2019-04-33;16/04/2019;30/04/2019;613;402;211;65.58;"Mercado editorial brasileiro vive crises, aponta CBL; IDH-M apresenta estabilidade apesar de crises; CCJ da Câmara debate parecer da reforma da Previdência";"Detectada instabilidade política em 402 de 613 artigos (65.6%). Principais indicadores: [""Palavra-chave 'crise' encontrada (categoria: crises)"", ""Palavra-chave 'crise' encontrada (categoria: crises)"", ""Palavra-chave 'votação' encontrada (categoria: eleições)""]"
2019-05-34;01/05/2019;15/05/2019;620;422;198;68.06;"STF suspende permissão para gestante trabalhar em atividade insalubre; Guaidó convoca venezuelanos para novos protestos; Envios de declarações do IR superam expectativa da Receita";"Detectada instabilidade política em 422 de 620 artigos (68.1%). Principais indicadores: [""Palavra-chave 'manifestação' encontrada (categoria: protestos)"", ""Palavra-chave 'crise' encontrada (categoria: crises)"", ""Palavra-chave 'incidente' encontrada (categoria: golpes)""]"
2019-05-35;16/05/2019;30/05/2019;707;469;238;66.34;"Estados Unidos suspendem voos para a Venezuela; FAB intercepta avião com quase 500 quilos de cocaína; Presidente do BC reforça expectativa de retomada do crescimento";"Detectada instabilidade política em 469 de 707 artigos (66.3%). Principais indicadores: [""Palavra-chave 'crise' encontrada (categoria: crises)"", ""Palavra-chave 'militar' encontrada (categoria: golpes)"", ""Palavra-chave 'parlamentar' encontrada (categoria: governabilidade)""]"
2019-05-36;31/05/2019;14/06/2019;686;445;241;64.87;"Confiança dos empresários atinge menor nível desde outubro; Trump ameaça México com tarifas por imigração, diz jornal; Conferência sobre a região Ásia-Pacífico tem início em Singapura";"Detectada instabilidade política em 445 de 686 artigos (64.9%). Principais indicadores: [""Palavra-chave 'legislativo' encontrada (categoria: eleições)"", ""Palavra-chave 'presidencial' encontrada (categoria: eleições)"", ""Palavra-chave 'militar' encontrada (categoria: golpes)""]"
2019-06-37;15/06/2019;29/06/2019;626;404;222;64.54;"Hong Kong recua sobre lei que permite extradições para China; Dois jogos marcam o segundo dia da Copa América; Congresso vai aprovar reestruturação da carreira militar, diz ministro";"Detectada instabilidade política em 404 de 626 artigos (64.5%). Principais indicadores: [""Palavra-chave 'conflito' encontrada (categoria: conflitos)"", ""Palavra-chave 'disputa' encontrada (categoria: conflitos)"", ""Palavra-chave 'conflito' encontrada (categoria: conflitos)""]"
2019-06-38;30/06/2019;14/07/2019;587;367;220;62.52;"Ministro do GSI classifica como histórico acordo entre Mercosul e UE; Plano Real gerou estabilidade, mas não crescimento sustentável; Plano Real, que segurou inflação, completa 25 anos";"Detectada instabilidade política em 367 de 587 artigos (62.5%). Principais indicadores: [""Palavra-chave 'parlamentar' encontrada (categoria: governabilidade)"", ""Palavra-chave 'mudança' encontrada (categoria: mudanças)"", ""Palavra-chave 'emergência' encontrada (categoria: crises)""]"
2019-07-39;15/07/2019;29/07/2019;552;358;194;64.86;"""Brasil precisa de quimioterapia para que não pereça"", diz Bolsonaro; Mourão defende reforma política após a conclusão da Previdência; Indicador Antecedente da Economia sobe 0,9% em junho, diz FGV";"Detectada instabilidade política em 358 de 552 artigos (64.9%). Principais indicadores: [""Palavra-chave 'parlamentar' encontrada (categoria: governabilidade)"", ""Palavra-chave 'militar' encontrada (categoria: golpes)"", ""Palavra-chave 'incidente' encontrada (categoria: golpes)""]"
2019-07-40;30/07/2019;13/08/2019;604;391;213;64.74;"Bolsonaro: ""pretendo respeitar a Lei da Anistia""; Governo do Pará divulga lista de mortos em Altamira; Cinco pessoas são presas por fraudes em licitações no Rio";"Detectada instabilidade política em 391 de 604 artigos (64.7%). Principais indicadores: [""Palavra-chave 'golpe' encontrada (categoria: golpes)"", ""Palavra-chave 'confronto' encontrada (categoria: conflitos)"", ""Palavra-chave 'disputa' encontrada (categoria: conflitos)""]"
2019-08-41;14/08/2019;28/08/2019;626;426;200;68.05;"Níveis de radiação em cidade russa aumentam 16 vezes acima do normal; População de animais em florestas cai pela metade desde 1970; Trump diz que China desloca tropas para fronteira com Hong Kong";"Detectada instabilidade política em 426 de 626 artigos (68.1%). Principais indicadores: [""Palavra-chave 'militar' encontrada (categoria: golpes)"", ""Palavra-chave 'mudança' encontrada (categoria: mudanças)"", ""Palavra-chave 'militar' encontrada (categoria: golpes)""]"
2019-08-42;29/08/2019;12/09/2019;679;443;236;65.24;"Inflação do aluguel é de 4,95% em 12 meses; Normas da declaração do ITR são publicadas no Diário Oficial; Economia brasileira cresce 0,4% no segundo trimestre, anuncia IBGE";"Detectada instabilidade política em 443 de 679 artigos (65.2%). Principais indicadores: [""Palavra-chave 'mudança' encontrada (categoria: mudanças)"", ""Palavra-chave 'alteração' encontrada (categoria: mudanças)"", ""Palavra-chave 'transformação' encontrada (categoria: mudanças)""]"
2019-09-43;13/09/2019;27/09/2019;714;457;257;64.01;"Trump manifesta intenção de firmar acordo provisório com a China; Avança no Senado liberação do BPC a mais de um deficiente na família; Argentina: Câmara dos Deputados aprova projeto de Emergência Alimentar";"Detectada instabilidade política em 457 de 714 artigos (64.0%). Principais indicadores: [""Palavra-chave 'disputa' encontrada (categoria: conflitos)"", ""Palavra-chave 'votação' encontrada (categoria: eleições)"", ""Palavra-chave 'crise' encontrada (categoria: crises)""]"
2019-09-44;28/09/2019;12/10/2019;663;423;240;63.80;"UFF promove evento para atrair crianças que gostam de veterinária; Justiça decreta prisão preventiva de suspeitos de hackear autoridades; Brasil tem maior percentual de otimistas entre 23 países";"Detectada instabilidade política em 423 de 663 artigos (63.8%). Principais indicadores: [""Palavra-chave 'tensão' encontrada (categoria: conflitos)"", ""Palavra-chave 'crime' encontrada (categoria: violencia)"", ""Palavra-chave 'mudança' encontrada (categoria: mudanças)""]"
2019-10-45;13/10/2019;27/10/2019;706;461;245;65.30;"Cadastro unificado facilitará acesso dos cidadãos a serviços federais; País tem 10,7 milhões de pessoas com deficiência auditiva, diz estudo; Evento em Brasília incentiva jovens a serem cidadãos globais";"Detectada instabilidade política em 461 de 706 artigos (65.3%). Principais indicadores: [""Palavra-chave 'conflito' encontrada (categoria: conflitos)"", 'Contexto político negativo detectado na análise qualitativa', ""Palavra-chave 'mudança' encontrada (categoria: mudanças)""]"
2019-10-46;28/10/2019;11/11/2019;718;435;283;60.58;"Entenda as regras de transição da reforma da Previdência; Timor-Leste é o país da Ásia com mais problemas de nutrição e fome; TV Brasil entrevista educadora sobre realidade obstétrica no Brasil";"Detectada instabilidade política em 435 de 718 artigos (60.6%). Principais indicadores: [""Palavra-chave 'tensão' encontrada (categoria: conflitos)"", 'Contexto político negativo detectado na análise qualitativa', ""Palavra-chave 'intervenção' encontrada (categoria: golpes)""]"
2019-11-47;12/11/2019;26/11/2019;613;394;219;64.27;"Mais de 95% das crianças brasileiras frequentam escola, diz pesquisa; Ex-presidente da Bolívia chega ao México ainda hoje; Polícia faz operação para prender quadrilha que fraudava licitações";"Detectada instabilidade política em 394 de 613 artigos (64.3%). Principais indicadores: [""Palavra-chave 'crise' encontrada (categoria: crises)"", ""Palavra-chave 'intervenção' encontrada (categoria: golpes)"", ""Palavra-chave 'crime' encontrada (categoria: violencia)""]"
2019-11-48;27/11/2019;11/12/2019;744;458;286;61.56;"Comitê convoca para dia de manifestações pacíficas na Colômbia; Congresso inicia sessão para analisar 11 vetos presidenciais; Vítimas sul-coreanas de trabalhos forçados podem receber indenização";"Detectada instabilidade política em 458 de 744 artigos (61.6%). Principais indicadores: [""Palavra-chave 'crise' encontrada (categoria: crises)"", ""Palavra-chave 'parlamentar' encontrada (categoria: governabilidade)"", ""Palavra-chave 'parlamentar' encontrada (categoria: governabilidade)""]"
2019-12-49;12/12/2019;26/12/2019;602;363;239;60.30;"Principal porto francês de contêineres é bloqueado durante protesto; De olho no Brexit, Reino Unido vai às urnas hoje; Policiais acusados de matar Patrícia Amieiro são condenados";"Detectada instabilidade política em 363 de 602 artigos (60.3%). Principais indicadores: [""Palavra-chave 'protesto' encontrada (categoria: protestos)"", ""Palavra-chave 'parlamentar' encontrada (categoria: governabilidade)"", ""Palavra-chave 'militar' encontrada (categoria: golpes)""]"
2019-12-50;27/12/2019;10/01/2020;571;336;235;58.84;"Confiança da indústria sobe 3,2 pontos em dezembro, mostra FGV; Bolsonaro extingue prisão disciplinar para PMs e bombeiros; Ataque da Força Aérea afegã mata 21 talibãs na província de Laghman";"Detectada instabilidade política em 336 de 571 artigos (58.8%). Principais indicadores: [""Palavra-chave 'movimento' encontrada (categoria: protestos)"", ""Palavra-chave 'militar' encontrada (categoria: golpes)"", ""Palavra-chave 'ataque' encontrada (categoria: violencia)""]"
2020-01-51;11/01/2020;25/01/2020;648;387;261;59.72;"Município maranhense faz domingo eleição suplementar para prefeito; UE pede ""total cooperação"" do Irã em investigação de avião abatido; Mutirão de limpeza promete entregar Porto do Rio limpo até dia 17";"Detectada instabilidade política em 387 de 648 artigos (59.7%). Principais indicadores: [""Palavra-chave 'disputa' encontrada (categoria: conflitos)"", ""Palavra-chave 'tensão' encontrada (categoria: conflitos)"", ""Palavra-chave 'choque' encontrada (categoria: conflitos)""]"
2020-01-52;26/01/2020;09/02/2020;636;383;253;60.22;"Governo disponibiliza R$ 90 milhões para regiões atingidas por chuvas; Palmeiras vence Juventude e fatura bicampeonato na Copa Santiago; Enchentes e deslizamentos provocam 38 morte em MG";"Detectada instabilidade política em 383 de 636 artigos (60.2%). Principais indicadores: [""Palavra-chave 'crise' encontrada (categoria: crises)"", ""Palavra-chave 'ataque' encontrada (categoria: violencia)"", ""Palavra-chave 'emergência' encontrada (categoria: crises)""]"
2020-02-53;10/02/2020;24/02/2020;620;357;263;57.58;"Publicada MP que destina recursos para enfrentamento do coronavírus; “Eles vivem agora o que vivemos na época do zika”, diz secretário; Agência Brasil explica: quem tem direito a isenção para comprar carro?";"Detectada instabilidade política em 357 de 620 artigos (57.6%). Principais indicadores: [""Palavra-chave 'emergência' encontrada (categoria: crises)"", ""Palavra-chave 'mudança' encontrada (categoria: mudanças)"", ""Palavra-chave 'alteração' encontrada (categoria: mudanças)""]"
2020-02-54;25/02/2020;10/03/2020;675;379;296;56.15;"Brasil trabalha por maior presença da mulher na política, diz Damares; Ex-presidente egípcio Hosni Mubarak morreu hoje, no Cairo; Há 75 anos, morria Mário de Andrade, um dos maiores escritores do país";"Detectada instabilidade política em 379 de 675 artigos (56.1%). Principais indicadores: [""Palavra-chave 'violência' encontrada (categoria: violencia)"", ""Palavra-chave 'militar' encontrada (categoria: golpes)"", ""Palavra-chave 'movimento' encontrada (categoria: protestos)""]"
2020-03-55;11/03/2020;25/03/2020;1106;664;442;60.04;"EUA alertam talibã sobre aumento de violência; MP faz operação contra milícia que vendia lotes irregulares no Rio; Covid-19: MPF recomenda cancelamento de passagens aéreas sem ônus";"Detectada instabilidade política em 664 de 1106 artigos (60.0%). Principais indicadores: [""Palavra-chave 'crise' encontrada (categoria: crises)"", ""Palavra-chave 'militar' encontrada (categoria: golpes)"", ""Palavra-chave 'emergência' encontrada (categoria: crises)""]"
2020-03-56;26/03/2020;09/04/2020;890;488;402;54.83;"Estrutura de rede pública para ensino online preocupa dirigentes; Festival É Tudo Verdade faz mostra online de documentários; BC reduz previsão de déficit nas contas externas para R$ 41 bilhões";"Detectada instabilidade política em 488 de 890 artigos (54.8%). Principais indicadores: [""Palavras 'rotina' encontradas (indicador de estabilidade)"", ""Palavra-chave 'crise' encontrada (categoria: crises)"", ""Palavra-chave 'mudança' encontrada (categoria: mudanças)""]"
2020-04-57;10/04/2020;24/04/2020;731;408;323;55.81;"Pesquisa do Sebrae aponta que bancos estão negando crédito a pequenos; Bolsonaro vai ao Hospital das Forças Armadas; Anatel comunica telefônicas que não interrompam serviço a inadimplente";"Detectada instabilidade política em 408 de 731 artigos (55.8%). Principais indicadores: [""Palavra-chave 'crise' encontrada (categoria: crises)"", 'Contexto político negativo detectado na análise qualitativa', ""Palavra-chave 'emergência' encontrada (categoria: crises)""]"
2020-04-58;25/04/2020;09/05/2020;789;443;346;56.15;"Operadoras de planos de saúde não assinam compromisso com ANS; Embraer diz que Boeing rescindiu indevidamente contrato de parceria; Boeing desiste de parceria com a Embraer";"Detectada instabilidade política em 443 de 789 artigos (56.1%). Principais indicadores: [""Palavra-chave 'crise' encontrada (categoria: crises)"", 'Contexto político negativo detectado na análise qualitativa', ""Palavra-chave 'militar' encontrada (categoria: golpes)""]"
2020-05-59;10/05/2020;24/05/2020;806;435;371;53.97;"Campanha quer incluir maternidade como experiência no currículo; Mãe e filha, ambas atletas, festejam o Dia das Mães em Portugal; Covid-19: Seul fecha 2,1 mil bares e boates após surto de novos casos";"Detectada instabilidade política em 435 de 806 artigos (54.0%). Principais indicadores: [""Palavra-chave 'movimento' encontrada (categoria: protestos)"", ""Palavra-chave 'mudança' encontrada (categoria: mudanças)"", 'Contexto político negativo detectado na análise qualitativa']"
2020-05-60;25/05/2020;08/06/2020;867;507;360;58.48;"Após internação, novo exame de Toffoli dá negativo para covid-19; Caixa segue com pagamento de segunda parcela do auxílio emergencial; MP e polícia fazem operação em Niterói contra fraudes na educação";"Detectada instabilidade política em 507 de 867 artigos (58.5%). Principais indicadores: [""Palavra-chave 'emergência' encontrada (categoria: crises)"", 'Contexto político negativo detectado na análise qualitativa', ""Palavra-chave 'emergência' encontrada (categoria: crises)""]"
2020-06-61;09/06/2020;23/06/2020;813;478;335;58.79;"Aeroporto de São Paulo registra 17 ocorrências com pipas e balões; Ministro do STF manda governo divulgar dados totais de covid-19; Governo cancela 295 anistias a cabos da Aeronáutica";"Detectada instabilidade política em 478 de 813 artigos (58.8%). Principais indicadores: [""Palavra-chave 'incidente' encontrada (categoria: golpes)"", ""Palavra-chave 'mudança' encontrada (categoria: mudanças)"", ""Palavra-chave 'militar' encontrada (categoria: golpes)""]"
2020-06-62;24/06/2020;08/07/2020;839;450;389;53.64;"Com orçamento maior, Casa da Mulher Brasileira chegará ao interior; STF: inquérito contra Weintraub sobre racismo vai para 1ª instância; Terremoto que atingiu Sul do México deixa pelo menos seis mortos";"Detectada instabilidade política em 450 de 839 artigos (53.6%). Principais indicadores: [""Palavra-chave 'parlamentar' encontrada (categoria: governabilidade)"", ""Palavra-chave 'crise' encontrada (categoria: crises)"", ""Palavra-chave 'colapso' encontrada (categoria: crises)""]"
2020-07-63;09/07/2020;23/07/2020;890;499;391;56.07;"Pandemia causou impacto em 57% das companhias exportadoras, revela CNI; Harvard e MIT processam governo Trump por regra para estrangeiros; Fluminense supera Flamengo e conquista Taça Rio";"Detectada instabilidade política em 499 de 890 artigos (56.1%). Principais indicadores: [""Palavra-chave 'crise' encontrada (categoria: crises)"", 'Contexto político negativo detectado na análise qualitativa', ""Palavra-chave 'disputa' encontrada (categoria: conflitos)""]"
2020-07-64;24/07/2020;07/08/2020;863;463;400;53.65;"Norte-americanos apoiam mais medidas de auxílio diante da covid-19; Anvisa proíbe venda sem receita de cloroquina e ivermectina; BID: teste em larga escala é fundamental para retomada de atividades";"Detectada instabilidade política em 463 de 863 artigos (53.7%). Principais indicadores: [""Palavra-chave 'tensão' encontrada (categoria: conflitos)"", ""Palavra-chave 'emergência' encontrada (categoria: crises)"", ""Palavra-chave 'crise' encontrada (categoria: crises)""]"
2020-08-65;08/08/2020;22/08/2020;766;436;330;56.92;"Caixa abre 770 agências hoje para beneficiários do auxílio emergencial; Francis Hime sente saudades da parceria com Chico Buarque; Série A dos portões fechados e com fim só em 2021 começa neste sábado";"Detectada instabilidade política em 436 de 766 artigos (56.9%). Principais indicadores: ['Contexto político negativo detectado na análise qualitativa', ""Palavra-chave 'tensão' encontrada (categoria: conflitos)"", ""Palavra-chave 'disputa' encontrada (categoria: conflitos)""]"
2020-08-66;23/08/2020;06/09/2020;857;499;358;58.23;"Crítico do Kremlin, Navalny é levado a hospital alemão; Chanceler: pandemia mostra espírito de tradição diplomática do país; Brasileiro tem duelo de invictos neste domingo";"Detectada instabilidade política em 499 de 857 artigos (58.2%). Principais indicadores: [""Palavra-chave 'emergência' encontrada (categoria: crises)"", ""Palavra-chave 'crise' encontrada (categoria: crises)"", ""Palavra-chave 'confronto' encontrada (categoria: conflitos)""]"
2020-09-67;07/09/2020;21/09/2020;778;418;360;53.73;"Vitória com time misto e ponta da Série C embalam Brusque para final; Público vai conhecer história da orquestra do Theatro Municipal do Rio; Bolsonaro cumprimenta populares em solenidade de 7 de Setembro";"Detectada instabilidade política em 418 de 778 artigos (53.7%). Principais indicadores: [""Palavra-chave 'disputa' encontrada (categoria: conflitos)"", 'Contexto político negativo detectado na análise qualitativa', ""Palavra-chave 'militar' encontrada (categoria: golpes)""]"
2020-09-68;22/09/2020;06/10/2020;880;499;381;56.70;"Polícia cumpre mandados de prisão contra suspeitos de tráfico no Rio; Pesquisa diz que Rio Tietê tem 150 km de água imprópria para uso; Covid-19: Inglaterra fechará bares e restaurantes às 22h";"Detectada instabilidade política em 499 de 880 artigos (56.7%). Principais indicadores: [""Palavra-chave 'militar' encontrada (categoria: golpes)"", ""Palavra-chave 'urgente' encontrada (categoria: crises)"", ""Palavra-chave 'urgente' encontrada (categoria: crises)""]"
2020-10-69;07/10/2020;21/10/2020;712;380;332;53.37;"Brasileiro: em crise, Botafogo encara Palmeiras no Nilton Santos; Venezuela: ONU prorroga inquérito sobre crimes contra a humanidade; Rio Imagem faz mamografias sem agendamento durante Outubro Rosa";"Detectada instabilidade política em 380 de 712 artigos (53.4%). Principais indicadores: [""Palavra-chave 'crise' encontrada (categoria: crises)"", ""Palavra-chave 'crime' encontrada (categoria: violencia)"", ""Palavra-chave 'movimento' encontrada (categoria: protestos)""]"
2020-10-70;22/10/2020;05/11/2020;695;431;264;62.01;"ANS encerra amanhã consulta sobre boas práticas em parto; Série D: Caxias-RS busca revanche contra invicto Novorizontino-SP; Agência Brasil explica: conheça os tipos de vacina contra covid-19";"Detectada instabilidade política em 431 de 695 artigos (62.0%). Principais indicadores: [""Palavra-chave 'movimento' encontrada (categoria: protestos)"", ""Palavra-chave 'confronto' encontrada (categoria: conflitos)"", ""Palavras 'comum' encontradas (indicador de estabilidade)""]"
2020-11-71;06/11/2020;20/11/2020;840;571;269;67.98;"Biden tem pequena vantagem na Geórgia e se aproxima da Casa Branca; Nascidos em abril recebem hoje R$ 1,4 bi de auxílio emergencial; Operação Luz da Infância 7 investiga exploração sexual na internet";"Detectada instabilidade política em 571 de 840 artigos (68.0%). Principais indicadores: [""Palavra-chave 'disputa' encontrada (categoria: conflitos)"", ""Palavra-chave 'tensão' encontrada (categoria: conflitos)"", ""Palavra-chave 'crime' encontrada (categoria: violencia)""]"
2020-11-72;21/11/2020;05/12/2020;852;571;281;67.02;"Bolsonaro vai ao Amapá acompanhar situação no estado; Reforma da OMC é “elemento-chave” para economia, diz Bolsonaro no G20; Governo mineiro quer mais estudos sobre projeto de trem BH-Brumadinho";"Detectada instabilidade política em 571 de 852 artigos (67.0%). Principais indicadores: [""Palavra-chave 'crise' encontrada (categoria: crises)"", ""Palavra-chave 'crise' encontrada (categoria: crises)"", 'Contexto político negativo detectado na análise qualitativa']"
2020-12-73;06/12/2020;20/12/2020;784;485;299;61.86;"Magnus e Tubarão decidem primeiro finalista da edição 2020 da LNF; Masp abre exposição Degas com 76 obras do artista francês; Auxílio Emergencial: Caixa deposita parcela para nascidos em setembro";"Detectada instabilidade política em 485 de 784 artigos (61.9%). Principais indicadores: [""Palavra-chave 'disputa' encontrada (categoria: conflitos)"", 'Contexto político negativo detectado na análise qualitativa', ""Palavra-chave 'tensão' encontrada (categoria: conflitos)""]"
2020-12-74;21/12/2020;04/01/2021;565;312;253;55.22;"Auxílio Emergencial Extensão é pago a beneficiários com NIS 8; Caixa paga auxílio emergencial para nascidos em setembro; Polícia faz ação contra suspeitos de extorquir políticos com fake news";"Detectada instabilidade política em 312 de 565 artigos (55.2%). Principais indicadores: [""Palavra-chave 'tensão' encontrada (categoria: conflitos)"", ""Palavra-chave 'tensão' encontrada (categoria: conflitos)"", ""Palavra-chave 'crime' encontrada (categoria: violencia)""]"
2021-01-75;05/01/2021;19/01/2021;698;393;305;56.30;"Eleições na Geórgia definem controle do Senado norte-americano; FGV: inflação pelo IPC-S desacelera em dezembro; Inep divulga cartão de confirmação com local de prova do Enem 2020";"Detectada instabilidade política em 393 de 698 artigos (56.3%). Principais indicadores: [""Palavra-chave 'disputa' encontrada (categoria: conflitos)"", ""Palavra-chave 'mudança' encontrada (categoria: mudanças)"", 'Contexto político negativo detectado na análise qualitativa']"
2021-01-76;20/01/2021;03/02/2021;729;411;318;56.38;"Inter humilha São Paulo no Morumbi e volta à liderança do Brasileiro; Dívidas com Finam e Finor podem ser quitadas com até 70% de desconto; Denunciados por incêndio no Ninho do Urubu viram réus";"Detectada instabilidade política em 411 de 729 artigos (56.4%). Principais indicadores: [""Palavra-chave 'confronto' encontrada (categoria: conflitos)"", ""Palavra-chave 'tensão' encontrada (categoria: conflitos)"", ""Palavra-chave 'crime' encontrada (categoria: violencia)""]"
2021-02-77;04/02/2021;18/02/2021;677;386;291;57.02;"Basquete: Minas vence Instituto Córdoba e se reabilita na Champions; Senado aprova adesão do Brasil ao Covax Facility; Bolsonaro convoca reunião para discutir preço dos combustíveis";"Detectada instabilidade política em 386 de 677 artigos (57.0%). Principais indicadores: [""Palavra-chave 'disputa' encontrada (categoria: conflitos)"", ""Palavra-chave 'presidencial' encontrada (categoria: eleições)"", ""Palavra-chave 'movimento' encontrada (categoria: protestos)""]"
2021-02-78;19/02/2021;05/03/2021;825;459;366;55.64;"Palmeiras arranca empate e acaba com chances de título do São Paulo; Governo indica Francisco Ferreira como diretor brasileiro da Itaipu; Bolsonaro indica Joaquim Silva e Luna para presidência da Petrobras";"Detectada instabilidade política em 459 de 825 artigos (55.6%). Principais indicadores: [""Palavra-chave 'disputa' encontrada (categoria: conflitos)"", ""Palavra-chave 'eleição' encontrada (categoria: eleições)"", ""Palavra-chave 'eleição' encontrada (categoria: eleições)""]"
2021-03-79;06/03/2021;20/03/2021;827;471;356;56.95;"Basquete: São Paulo perde por 78 a 76 na Champions das Américas; Retorno de público aos estádios é rechaçado por Vasco, Flu e Botafogo; Botafogo derrota Osasco em casa pelo Brasileiro Masculino de Basquete";"Detectada instabilidade política em 471 de 827 artigos (57.0%). Principais indicadores: [""Palavra-chave 'disputa' encontrada (categoria: conflitos)"", ""Palavra-chave 'crise' encontrada (categoria: crises)"", ""Palavra-chave 'disputa' encontrada (categoria: conflitos)""]"
2021-03-80;21/03/2021;04/04/2021;727;385;342;52.96;"Copa do Nordeste: CRB-AL e ABC-RN vencem e continuam no G-4; Pandemia afeta saúde mental de crianças e jovens, dizem psiquiatras; América-MG supera Cruzeiro e assume vice-liderança do Mineiro";"Detectada instabilidade política em 385 de 727 artigos (53.0%). Principais indicadores: [""Palavra-chave 'ataque' encontrada (categoria: violencia)"", ""Palavra-chave 'intervenção' encontrada (categoria: golpes)"", ""Palavra-chave 'ataque' encontrada (categoria: violencia)""]"
2021-04-81;05/04/2021;19/04/2021;827;499;328;60.34;"Circuito Mundial de Surfe: Adriano de Souza avança em Newcastle; Gabigol brilha e Flamengo goleia Madureira por 5 a 1 no Carioca; Botafogo-PB e Confiança empatam sem gols pela Copa do Nordeste";"Detectada instabilidade política em 499 de 827 artigos (60.3%). Principais indicadores: [""Palavra-chave 'disputa' encontrada (categoria: conflitos)"", ""Palavra-chave 'disputa' encontrada (categoria: conflitos)"", ""Palavra-chave 'confronto' encontrada (categoria: conflitos)""]"
2021-04-82;20/04/2021;04/05/2021;844;469;375;55.57;"Libertadores: São Paulo vence fácil e Flamengo vira na Argentina; Câmara aprova projeto de lei que torna escolas serviços essenciais; Superliga europeia desmorona com saída de clubes ingleses";"Detectada instabilidade política em 469 de 844 artigos (55.6%). Principais indicadores: [""Palavra-chave 'ataque' encontrada (categoria: violencia)"", ""Palavra-chave 'parlamentar' encontrada (categoria: governabilidade)"", ""Palavra-chave 'colapso' encontrada (categoria: crises)""]"
2021-05-83;05/05/2021;19/05/2021;800;473;327;59.13;"Ponte mantém tabu de 12 anos, bate Guarani e segue viva no Paulista; TJ-SP concede prisão domiciliar ao ex-médico Roger Abdelmassih; Câmara aprova projeto que cria loterias da Saúde e do Turismo";"Detectada instabilidade política em 473 de 800 artigos (59.1%). Principais indicadores: [""Palavra-chave 'disputa' encontrada (categoria: conflitos)"", ""Palavra-chave 'alteração' encontrada (categoria: mudanças)"", ""Palavra-chave 'emergência' encontrada (categoria: crises)""]"
2021-05-84;20/05/2021;03/06/2021;842;469;373;55.70;"Corinthians goleia o Sport Huancayo na Copa Sul-Americana; Com gol de Yuri Alberto, Internacional vence na Copa Libertadores; Indígenas denunciam mais um ataque de garimpeiros em terra Yanomami";"Detectada instabilidade política em 469 de 842 artigos (55.7%). Principais indicadores: [""Palavra-chave 'confronto' encontrada (categoria: conflitos)"", ""Palavra-chave 'disputa' encontrada (categoria: conflitos)"", ""Palavra-chave 'conflito' encontrada (categoria: conflitos)""]"
2021-06-85;04/06/2021;18/06/2021;791;447;344;56.51;"Brasil vence marcação do Equador e dispara na ponta das Eliminatórias; Bronze no Pan de Ginástica assegura quinta vaga brasileira para Tóquio; Ex-governador Pezão é condenado a 98 anos de prisão por corrupção";"Detectada instabilidade política em 447 de 791 artigos (56.5%). Principais indicadores: [""Palavra-chave 'disputa' encontrada (categoria: conflitos)"", ""Palavra-chave 'disputa' encontrada (categoria: conflitos)"", ""Palavra-chave 'crime' encontrada (categoria: violencia)""]"
2021-06-86;19/06/2021;03/07/2021;814;469;345;57.62;"Bragantino supera Flamengo no Maracanã e dorme na ponta do Brasileiro; Líder Corinthians atropela Minas Brasília no Brasileiro Feminino; Operário-PR vence com golaços e recoloca Cruzeiro no Z4 da Série B";"Detectada instabilidade política em 469 de 814 artigos (57.6%). Principais indicadores: [""Palavra-chave 'ataque' encontrada (categoria: violencia)"", ""Palavra-chave 'confronto' encontrada (categoria: conflitos)"", ""Palavra-chave 'disputa' encontrada (categoria: conflitos)""]"
2021-07-87;04/07/2021;18/07/2021;719;426;293;59.25;"Grêmio perde em casa para o Atlético-GO e segue em último; Bragantino vira contra o São Paulo e reassume a ponta do Brasileirão; Papa Francisco passa por cirurgia e reage bem a procedimento";"Detectada instabilidade política em 426 de 719 artigos (59.2%). Principais indicadores: [""Palavra-chave 'disputa' encontrada (categoria: conflitos)"", ""Palavra-chave 'confronto' encontrada (categoria: conflitos)"", ""Palavra-chave 'tensão' encontrada (categoria: conflitos)""]"
2021-07-88;19/07/2021;02/08/2021;777;414;363;53.28;"Sport bate América em Minas com gol no final da partida; Série D: Uberlândia empata fora de casa com o Águia Negra; Presidente diz que deve vetar dinheiro para o fundo eleitoral";"Detectada instabilidade política em 414 de 777 artigos (53.3%). Principais indicadores: [""Palavra-chave 'confronto' encontrada (categoria: conflitos)"", ""Palavra-chave 'disputa' encontrada (categoria: conflitos)"", ""Palavra-chave 'crise' encontrada (categoria: crises)""]"
2021-08-89;03/08/2021;17/08/2021;865;458;407;52.95;"Ginástica artística: Flávia Saraiva fica na sétima posição na trave; Abner fatura 1º bronze no boxe; Bia vence e avança à semi em Tóquio; Trabalhadores nascidos em fevereiro podem sacar auxílio emergencial";"Detectada instabilidade política em 458 de 865 artigos (52.9%). Principais indicadores: [""Palavra-chave 'disputa' encontrada (categoria: conflitos)"", ""Palavra-chave 'disputa' encontrada (categoria: conflitos)"", ""Palavras 'regular' encontradas (indicador de estabilidade)""]"
2021-08-90;18/08/2021;01/09/2021;832;447;385;53.73;"Série B: Coritiba supera Ponte Preta no Couto Pereira e segue líder; Covid-19: prefeitura do Rio torna obrigatória vacinação em servidores; Governo lança operação para enfrentar violência contra a mulher";"Detectada instabilidade política em 447 de 832 artigos (53.7%). Principais indicadores: [""Palavra-chave 'ataque' encontrada (categoria: violencia)"", ""Palavra-chave 'emergência' encontrada (categoria: crises)"", ""Palavra-chave 'militar' encontrada (categoria: golpes)""]"
2021-09-91;02/09/2021;16/09/2021;719;418;301;58.14;"Equipes brasileiras da bocha sofrem derrotas em Tóquio; Brasil terá seis nadadores nas finais de quinta-feira em Tóquio; Linhas elétricas Nordeste-Sudeste são inauguradas antes do previsto";"Detectada instabilidade política em 418 de 719 artigos (58.1%). Principais indicadores: [""Palavra-chave 'disputa' encontrada (categoria: conflitos)"", ""Palavra-chave 'disputa' encontrada (categoria: conflitos)"", ""Palavra-chave 'crise' encontrada (categoria: crises)""]"
2021-09-92;17/09/2021;01/10/2021;772;427;345;55.31;"EUA afirmam que ataque de drone em Cabul matou 10 civis; Decreto regulamenta prorrogação de contratos do Proinfra; SP atribui causa da morte de adolescente vacinada à doença autoimune";"Detectada instabilidade política em 427 de 772 artigos (55.3%). Principais indicadores: [""Palavra-chave 'militar' encontrada (categoria: golpes)"", ""Palavra-chave 'alteração' encontrada (categoria: mudanças)"", ""Palavra-chave 'incidente' encontrada (categoria: golpes)""]"
2021-10-93;02/10/2021;16/10/2021;679;368;311;54.20;"Corinthians arranca empate com Bragantino fora de casa no Brasileiro; Campanha Quanto Antes Melhor alerta para prevenção ao câncer de mama; Biden trabalhará forte para passar leis de sua agenda doméstica";"Detectada instabilidade política em 368 de 679 artigos (54.2%). Principais indicadores: [""Palavra-chave 'ataque' encontrada (categoria: violencia)"", ""Palavra-chave 'crise' encontrada (categoria: crises)"", ""Palavra-chave 'parlamentar' encontrada (categoria: governabilidade)""]"
2021-10-94;17/10/2021;31/10/2021;729;407;322;55.83;"Líder Atlético-MG tropeça diante do Atlético-GO; Série D: ABC conquista última vaga das semifinais; Jogos Universitários chegam ao final em Brasília";"Detectada instabilidade política em 407 de 729 artigos (55.8%). Principais indicadores: [""Palavra-chave 'confronto' encontrada (categoria: conflitos)"", ""Palavra-chave 'ataque' encontrada (categoria: violencia)"", ""Palavra-chave 'disputa' encontrada (categoria: conflitos)""]"
2021-11-95;01/11/2021;15/11/2021;755;401;354;53.11;"Dólar vai a R$ 5,67 e fecha no maior valor em mais de seis meses; WhatsApp deixa de funcionar em celulares antigos nesta segunda; Museu Nacional recebe doação de moluscos do Museu de Coimbra";"Detectada instabilidade política em 401 de 755 artigos (53.1%). Principais indicadores: [""Palavra-chave 'votação' encontrada (categoria: eleições)"", ""Palavra-chave 'mudança' encontrada (categoria: mudanças)"", ""Palavra-chave 'constituinte' encontrada (categoria: mudanças)""]"
2021-11-96;16/11/2021;30/11/2021;738;397;341;53.79;"Brasil e Argentina empatam sem gols em jogo muito disputado; Câmara aprova MP que recria Ministério do Trabalho; Holanda garante vaga na Copa do Mundo do Catar";"Detectada instabilidade política em 397 de 738 artigos (53.8%). Principais indicadores: [""Palavra-chave 'disputa' encontrada (categoria: conflitos)"", ""Palavra-chave 'parlamentar' encontrada (categoria: governabilidade)"", ""Palavra-chave 'disputa' encontrada (categoria: conflitos)""]"
2021-12-97;01/12/2021;15/12/2021;654;318;336;48.62;"Seleção feminina encerra temporada com título do Torneio de Manaus; Comissão Mista de Orçamento aprova acréscimo de R$ 72 bi para 2022; Copa Verde: Paysandu e Remo empatam em clássico de tempos distintos";"Detectada instabilidade política em 318 de 654 artigos (48.6%). Principais indicadores: [""Palavra-chave 'disputa' encontrada (categoria: conflitos)"", ""Palavra-chave 'mudança' encontrada (categoria: mudanças)"", ""Palavra-chave 'disputa' encontrada (categoria: conflitos)""]"
2021-12-98;16/12/2021;30/12/2021;591;271;320;45.85;"Câmara aprova PL que altera regras sobre alienação parental; Câmara conclui votação de projeto que altera Lei do Fundeb; Câmara aprova programa para dívidas de micro e pequenas empresas";"Detectada instabilidade política em 271 de 591 artigos (45.9%). Principais indicadores: [""Palavra-chave 'violência' encontrada (categoria: violencia)"", ""Palavra-chave 'votação' encontrada (categoria: eleições)"", ""Palavra-chave 'incidente' encontrada (categoria: golpes)""]"
2021-12-99;31/12/2021;14/01/2022;657;322;335;49.01;"Presidente faz pronunciamento com balanço de ações do governo; Covid-19: Rio tem queda de 48% em mortos e de 69% nas internações; Portaria cria novo documento para agricultor familiar acessar o Pronaf";"Detectada instabilidade política em 322 de 657 artigos (49.0%). Principais indicadores: ['Contexto político negativo detectado na análise qualitativa', ""Palavra-chave 'alteração' encontrada (categoria: mudanças)"", ""Palavra-chave 'tensão' encontrada (categoria: conflitos)""]"
2022-01-100;15/01/2022;29/01/2022;638;314;324;49.22;"Oeste elimina Flamengo após 2 a 0 e vai às oitavas da Copinha; Vasco, Palmeiras e Inter avançam às oitavas de final da Copinha; SP inicia vacinação de crianças com comorbidades na segunda-feira";"Detectada instabilidade política em 314 de 638 artigos (49.2%). Principais indicadores: [""Palavra-chave 'ataque' encontrada (categoria: violencia)"", ""Palavra-chave 'disputa' encontrada (categoria: conflitos)"", ""Palavra-chave 'tensão' encontrada (categoria: conflitos)""]"
2022-01-101;30/01/2022;13/02/2022;709;400;309;56.42;"Corinthians desencanta no Paulistão ao vencer Santo André fora de casa; Botafogo sela primeira vitória no Carioca ao bater Bangu por 2 a 0; No Rio, Cidade Integrada promove 4 mil atendimentos gratuitos";"Detectada instabilidade política em 400 de 709 artigos (56.4%). Principais indicadores: [""Palavra-chave 'confronto' encontrada (categoria: conflitos)"", ""Palavra-chave 'mudança' encontrada (categoria: mudanças)"", ""Palavra-chave 'intervenção' encontrada (categoria: golpes)""]"
2022-02-102;14/02/2022;28/02/2022;866;525;341;60.62;"Meio Ambiente lançará nova edição do programa Guardiões do Bioma; TSE regulamenta propaganda política no Brasil; França retira necessidade de teste de covid-19 para entrada no país";"Detectada instabilidade política em 525 de 866 artigos (60.6%). Principais indicadores: [""Palavra-chave 'crime' encontrada (categoria: violencia)"", ""Palavra-chave 'violência' encontrada (categoria: violencia)"", 'Contexto político negativo detectado na análise qualitativa']"
2022-03-103;01/03/2022;15/03/2022;727;467;260;64.24;"Libertadores: Flu supera Millonarios e se aproxima da fase de grupos; Lucão do Break garante classificação do Guarani na Copa do Brasil; Federação de Automobilismo se une a onda de sanções à Rússia";"Detectada instabilidade política em 467 de 727 artigos (64.2%). Principais indicadores: [""Palavra-chave 'confronto' encontrada (categoria: conflitos)"", ""Palavra-chave 'confronto' encontrada (categoria: conflitos)"", ""Palavra-chave 'disputa' encontrada (categoria: conflitos)""]"
2022-03-104;16/03/2022;30/03/2022;752;424;328;56.38;"Terremoto na costa de Fukushima deixa dois mortos; Carioca: Flamengo sai da frente do Vasco na busca de vaga para a final; Câmara aprova projeto que torna crime a violência institucional";"Detectada instabilidade política em 424 de 752 artigos (56.4%). Principais indicadores: [""Palavra-chave 'crise' encontrada (categoria: crises)"", ""Palavra-chave 'disputa' encontrada (categoria: conflitos)"", ""Palavra-chave 'presidencial' encontrada (categoria: eleições)""]"
2022-03-105;31/03/2022;14/04/2022;787;449;338;57.05;"Copa do Nordeste: Sport e Fortaleza empatam no primeiro jogo da final; Petróleo: reservas provadas crescem 11% em 2021 no Brasil; Ministro se reúne com ministra da Economia da Espanha";"Detectada instabilidade política em 449 de 787 artigos (57.1%). Principais indicadores: [""Palavra-chave 'disputa' encontrada (categoria: conflitos)"", ""Palavra-chave 'mudança' encontrada (categoria: mudanças)"", ""Palavra-chave 'reforma' encontrada (categoria: mudanças)""]"
2022-04-106;15/04/2022;29/04/2022;677;381;296;56.28;"Polícia prende suspeitos de esfaquear jornalista em Brasília; Ministério da Justiça deflagra ação para proteger terra indígena no PA; Favelas brasileiras: 76% dos moradores têm ou querem ter um negócio";"Detectada instabilidade política em 381 de 677 artigos (56.3%). Principais indicadores: [""Palavra-chave 'golpe' encontrada (categoria: golpes)"", ""Palavra-chave 'conflito' encontrada (categoria: conflitos)"", 'Contexto político negativo detectado na análise qualitativa']"
2022-04-107;30/04/2022;14/05/2022;652;348;304;53.37;"Presidente diz que cumprirá pedido da OMC de mais alimentos; Xangai não detecta novos casos de covid fora das áreas de quarentena; Fim de sanções contra Rússia é parte de negociações de paz com Ucrânia";"Detectada instabilidade política em 348 de 652 artigos (53.4%). Principais indicadores: [""Palavra-chave 'protesto' encontrada (categoria: protestos)"", ""Palavra-chave 'presidencial' encontrada (categoria: eleições)"", ""Palavra-chave 'colapso' encontrada (categoria: crises)""]"
2022-05-108;15/05/2022;29/05/2022;688;372;316;54.07;"Botafogo vence lanterna Fortaleza no fim e entra no G6 do Brasileiro; Real Ariquemes encerra sequência de vices e leva título rondoniense; Natação paralímpica: Brasileiro chega ao fim com recorde mundial";"Detectada instabilidade política em 372 de 688 artigos (54.1%). Principais indicadores: [""Palavra-chave 'confronto' encontrada (categoria: conflitos)"", ""Palavra-chave 'disputa' encontrada (categoria: conflitos)"", ""Palavra-chave 'disputa' encontrada (categoria: conflitos)""]"
2022-05-109;30/05/2022;13/06/2022;754;407;347;53.98;"Testes do real digital devem começar em 2023, diz Banco Central; Pacheco define relator; proposta de ICMS de combustíveis será debatida; Senacon pede esclarecimento à Apple sobre segurança de fones de ouvido";"Detectada instabilidade política em 407 de 754 artigos (54.0%). Principais indicadores: [""Palavra-chave 'tensão' encontrada (categoria: conflitos)"", ""Palavra-chave 'crise' encontrada (categoria: crises)"", ""Palavra-chave 'manifestação' encontrada (categoria: protestos)""]"
2022-06-110;14/06/2022;28/06/2022;731;414;317;56.63;"Natação paralímpica: Brasil garante 3 ouros no terceiro dia do Mundial; Banco Central recebe prêmio internacional por open finance; Câmara aprova texto-base de projeto que limita ICMS dos combustíveis";"Detectada instabilidade política em 414 de 731 artigos (56.6%). Principais indicadores: [""Palavra-chave 'disputa' encontrada (categoria: conflitos)"", ""Palavra-chave 'tensão' encontrada (categoria: conflitos)"", ""Palavra-chave 'incidente' encontrada (categoria: golpes)""]"
2022-06-111;29/06/2022;13/07/2022;703;401;302;57.04;"Libertadores: Flamengo parte na frente do Tolima na busca por quartas; Câmara aprova MP que aumenta margem do crédito consignado; Comissão Mista do Orçamento aprova LDO para 2023";"Detectada instabilidade política em 401 de 703 artigos (57.0%). Principais indicadores: [""Palavra-chave 'ataque' encontrada (categoria: violencia)"", ""Palavra-chave 'militar' encontrada (categoria: golpes)"", ""Palavra-chave 'parlamentar' encontrada (categoria: governabilidade)""]"
2022-07-112;14/07/2022;28/07/2022;655;379;276;57.86;"Copa do Brasil: América volta a vencer Bota e confirma classificação; São Paulo vence Palmeiras nos pênaltis e avança na Copa do Brasil; Dona de celular resgata aparelho usado como prova contra anestesista";"Detectada instabilidade política em 379 de 655 artigos (57.9%). Principais indicadores: [""Palavra-chave 'confronto' encontrada (categoria: conflitos)"", ""Palavra-chave 'disputa' encontrada (categoria: conflitos)"", ""Palavra-chave 'violência' encontrada (categoria: violencia)""]"
2022-07-113;29/07/2022;12/08/2022;735;436;299;59.32;"Argentina supera Paraguai e se garante na Copa do Mundo Feminina; ""Viúva negra"" cósmica é a estrela de nêutrons mais pesada conhecida; Rio: paciente mantida em cárcere em hospital passará por nova cirurgia";"Detectada instabilidade política em 436 de 735 artigos (59.3%). Principais indicadores: [""Palavra-chave 'disputa' encontrada (categoria: conflitos)"", ""Palavra-chave 'colapso' encontrada (categoria: crises)"", ""Palavra-chave 'crime' encontrada (categoria: violencia)""]"
2022-08-114;13/08/2022;27/08/2022;716;431;285;60.20;"Botafogo e Atlético-GO ficam no 0 a 0 no Engenhão; Brasil vence a primeira na Copa do Mundo Sub-20 de futebol feminino; Bia Haddad garante presença na final do WTA 1000 de Toronto";"Detectada instabilidade política em 431 de 716 artigos (60.2%). Principais indicadores: [""Palavra-chave 'confronto' encontrada (categoria: conflitos)"", ""Palavra-chave 'disputa' encontrada (categoria: conflitos)"", ""Palavra-chave 'disputa' encontrada (categoria: conflitos)""]"
2022-08-115;28/08/2022;11/09/2022;736;452;284;61.41;"EBC disputa prêmio de jornalismo na área de saúde, ciência e bem-estar; Flamengo vence Botafogo e retorna à vice-liderança do Brasileirão; Série B: vice-líder Bahia vence Vasco de virada na Arena Fonte Nova";"Detectada instabilidade política em 452 de 736 artigos (61.4%). Principais indicadores: [""Palavra-chave 'disputa' encontrada (categoria: conflitos)"", ""Palavra-chave 'disputa' encontrada (categoria: conflitos)"", ""Palavra-chave 'confronto' encontrada (categoria: conflitos)""]"
2022-09-116;12/09/2022;26/09/2022;690;430;260;62.32;"STF tem cinco votos para manter suspensão do piso da enfermagem; Dólar cai para R$ 5,09 e fecha no menor valor em duas semanas; Petrobras reduz preço do gás de cozinha para distribuidoras";"Detectada instabilidade política em 430 de 690 artigos (62.3%). Principais indicadores: [""Palavra-chave 'votação' encontrada (categoria: eleições)"", 'Contexto político negativo detectado na análise qualitativa', ""Palavra-chave 'insatisfação' encontrada (categoria: protestos)""]"
2022-09-117;27/09/2022;11/10/2022;831;586;245;70.52;"Presidente do TSE se reúne com representantes de centrais sindicais; Vera defende anulação do Teto de Gastos; TSE mantém indeferimento da candidatura de Witzel ao governo do Rio";"Detectada instabilidade política em 586 de 831 artigos (70.5%). Principais indicadores: [""Palavra-chave 'violência' encontrada (categoria: violencia)"", ""Palavra-chave 'urgente' encontrada (categoria: crises)"", ""Palavra-chave 'crime' encontrada (categoria: violencia)""]"
2022-10-118;12/10/2022;26/10/2022;689;433;256;62.84;"Com dois gols, Lewandowski mantém Barcelona vivo na Liga dos Campeões; Invicto, Napoli bate Ajax e avança às oitavas da Liga dos Campeões; Mundial de Judô: Beatriz Souza conquista prata, a 4ª medalha do Brasil";"Detectada instabilidade política em 433 de 689 artigos (62.8%). Principais indicadores: [""Palavra-chave 'ataque' encontrada (categoria: violencia)"", ""Palavra-chave 'golpe' encontrada (categoria: golpes)"", ""Palavra-chave 'disputa' encontrada (categoria: conflitos)""]"
2022-10-119;27/10/2022;10/11/2022;744;507;237;68.15;"Zelensky diz que ""os bombardeios não nos quebrarão""; Crianças e adolescentes a espera de adoção visitam o Cristo Redentor; Atlético-MG derrota Juventude, o primeiro rebaixado da Série A";"Detectada instabilidade política em 507 de 744 artigos (68.1%). Principais indicadores: [""Palavra-chave 'ataque' encontrada (categoria: violencia)"", ""Palavra-chave 'militar' encontrada (categoria: golpes)"", ""Palavra-chave 'violência' encontrada (categoria: violencia)""]"
2022-11-120;11/11/2022;25/11/2022;610;363;247;59.51;"SUS: Saúde inclui nova apresentação de remédio para tratamento de asma; Julgamento de Flordelis ouve última testemunha; Covid-19: infectologistas defendem volta das máscaras e mais vacinação";"Detectada instabilidade política em 363 de 610 artigos (59.5%). Principais indicadores: [""Palavra-chave 'mudança' encontrada (categoria: mudanças)"", ""Palavra-chave 'disputa' encontrada (categoria: conflitos)"", 'Contexto político negativo detectado na análise qualitativa']"
2022-11-121;26/11/2022;10/12/2022;619;375;244;60.58;"Clássico entre Alemanha e Espanha é o destaque de domingo; ES: morre quarta vítima de ataques a escolas de Aracruz; Mbappé decide contra Dinamarca e França é a 1ª classificada na Copa";"Detectada instabilidade política em 375 de 619 artigos (60.6%). Principais indicadores: [""Palavra-chave 'disputa' encontrada (categoria: conflitos)"", ""Palavra-chave 'militar' encontrada (categoria: golpes)"", ""Palavra-chave 'disputa' encontrada (categoria: conflitos)""]"
2022-12-122;11/12/2022;25/12/2022;612;376;236;61.44;"Polícia Rodoviária Federal apreende 501 papelotes de cocaína na BR-381; Ataques da Ucrânia atingem Melitopol; lado russo diz que dois morreram; Mineira assassinada há 40 anos é beatificada pela Igreja Católica";"Detectada instabilidade política em 376 de 612 artigos (61.4%). Principais indicadores: [""Palavra-chave 'crime' encontrada (categoria: violencia)"", ""Palavra-chave 'crime' encontrada (categoria: violencia)"", ""Palavra-chave 'golpe' encontrada (categoria: golpes)""]"
2022-12-123;26/12/2022;09/01/2023;706;418;288;59.21;"Natal de 2022 teve queda de 65% no número de acidentes graves, diz PRF; Ibovespa fecha em queda de 0,87% em sessão com baixa liquidez; Chuvas já causaram 13 mortes em Minas e bombeiros buscam desaparecido";"Detectada instabilidade política em 418 de 706 artigos (59.2%). Principais indicadores: [""Palavra-chave 'violência' encontrada (categoria: violencia)"", ""Palavra-chave 'movimento' encontrada (categoria: protestos)"", ""Palavra-chave 'emergência' encontrada (categoria: crises)""]"
2023-01-124;10/01/2023;24/01/2023;702;437;265;62.25;"Rio: Favela da Rocinha registra quatro feminicídios em 12 dias; Ex-comandante da PM do DF é preso após determinação de Moraes; STF delega audiências de custódia de presos em atos terroristas";"Detectada instabilidade política em 437 de 702 artigos (62.3%). Principais indicadores: [""Palavra-chave 'golpe' encontrada (categoria: golpes)"", ""Palavra-chave 'militar' encontrada (categoria: golpes)"", ""Palavra-chave 'crime' encontrada (categoria: violencia)""]"
2023-01-125;25/01/2023;08/02/2023;729;518;211;71.06;"Ativistas se reúnem na Marcha do Fórum Social Mundial em Porto Alegre; Yanomami: PF vai investigar crime de genocídio, diz ministro; Polícia Legislativa pede reforço policial para posse de senadores";"Detectada instabilidade política em 518 de 729 artigos (71.1%). Principais indicadores: [""Palavra-chave 'disputa' encontrada (categoria: conflitos)"", ""Palavra-chave 'crise' encontrada (categoria: crises)"", ""Palavra-chave 'legislativo' encontrada (categoria: eleições)""]"
2023-02-126;09/02/2023;23/02/2023;710;452;258;63.66;"Setor de franquias cresce 14,3% com faturamento de R$ 211,4 bi em 2022; Credores da Americanas têm 15 dias para contestar créditos; Número de mortos por terremoto na Turquia e Síria passa de 20 mil";"Detectada instabilidade política em 452 de 710 artigos (63.7%). Principais indicadores: [""Palavra-chave 'crise' encontrada (categoria: crises)"", ""Palavra-chave 'colapso' encontrada (categoria: crises)"", ""Palavra-chave 'eleição' encontrada (categoria: eleições)""]"
2023-02-127;24/02/2023;10/03/2023;665;411;254;61.80;"Exército cumpre ordem da CGU e retira sigilo de processo de Pazuello; Bombeiros suspendem as buscas em São Sebastião por causa das chuvas; Chuvas: chega a 57 o número de mortes na tragédia de São Sebastião";"Detectada instabilidade política em 411 de 665 artigos (61.8%). Principais indicadores: [""Palavra-chave 'militar' encontrada (categoria: golpes)"", ""Palavra-chave 'movimento' encontrada (categoria: protestos)"", ""Palavra-chave 'reforma' encontrada (categoria: mudanças)""]"
2023-03-128;11/03/2023;25/03/2023;665;481;184;72.33;"Rony garante classificação do Palmeiras para as semis do Paulista; Bia Haddad estreia com vitória nas simples de Indian Wells; Gurias Coloradas batem o Real Brasília no Brasileiro Feminino";"Detectada instabilidade política em 481 de 665 artigos (72.3%). Principais indicadores: [""Palavra-chave 'confronto' encontrada (categoria: conflitos)"", ""Palavra-chave 'disputa' encontrada (categoria: conflitos)"", ""Palavra-chave 'confronto' encontrada (categoria: conflitos)""]"
2023-03-129;26/03/2023;09/04/2023;589;406;183;68.93;"Ação na Paulista pede apoio para aprovação de leis pelo meio ambiente; Com milhares sem abrigo, Rio Branco deve sofrer com mais chuvas fortes; Homem armado invade festa e mata duas pessoas em São Carlos (SP)";"Detectada instabilidade política em 406 de 589 artigos (68.9%). Principais indicadores: [""Palavra-chave 'emergência' encontrada (categoria: crises)"", ""Palavra-chave 'emergência' encontrada (categoria: crises)"", ""Palavra-chave 'militar' encontrada (categoria: golpes)""]"
2023-04-130;10/04/2023;24/04/2023;636;471;165;74.06;"MEC disponibiliza lista de espera do Prouni; MST e movimentos sociais ocupam sede do Incra em Alagoas; PIB da cultura e indústrias criativas supera o do setor automotivo";"Detectada instabilidade política em 471 de 636 artigos (74.1%). Principais indicadores: [""Palavra-chave 'disputa' encontrada (categoria: conflitos)"", ""Palavra-chave 'militar' encontrada (categoria: golpes)"", ""Palavra-chave 'movimento' encontrada (categoria: protestos)""]"
2023-04-131;25/04/2023;09/05/2023;697;482;215;69.15;"Copa do Brasil: Fluminense avança após nova vitória sobre Paysandu; Major diz que golpistas exigiram água durante vandalização do Planalto; Ex-PM acusado de homicídio triplamente qualificado é condenado no Rio";"Detectada instabilidade política em 482 de 697 artigos (69.2%). Principais indicadores: [""Palavra-chave 'disputa' encontrada (categoria: conflitos)"", ""Palavra-chave 'parlamentar' encontrada (categoria: governabilidade)"", ""Palavra-chave 'militar' encontrada (categoria: golpes)""]"
2023-05-132;10/05/2023;24/05/2023;680;472;208;69.41;"Petrópolis antecipa repasse a empresas de ônibus após incêndio; Senado aprova equiparação de milícias e facções a terroristas; STF tem três votos para tornar réus mais 250 por atos golpistas";"Detectada instabilidade política em 472 de 680 artigos (69.4%). Principais indicadores: [""Palavra-chave 'crise' encontrada (categoria: crises)"", ""Palavra-chave 'militar' encontrada (categoria: golpes)"", ""Palavra-chave 'golpe' encontrada (categoria: golpes)""]"
2023-05-133;25/05/2023;08/06/2023;644;467;177;72.52;"Internacional vence e assume liderança do Grupo B da Copa Libertadores; Lula relata nova conversa com Xi Jinping sobre Ucrânia; Desenvolver o futebol feminino é prioridade do governo, diz ministra";"Detectada instabilidade política em 467 de 644 artigos (72.5%). Principais indicadores: [""Palavra-chave 'disputa' encontrada (categoria: conflitos)"", ""Palavra-chave 'conflito' encontrada (categoria: conflitos)"", ""Palavra-chave 'incidente' encontrada (categoria: golpes)""]"
2023-06-134;09/06/2023;23/06/2023;661;449;212;67.93;"Morre Wladimir Pomar, que coordenou 1ª campanha presidencial de Lula; Marcha Trans ocupa ruas centrais de São Paulo e pede mais visibilidade; Chance de El Niño forte é de 56%, diz agência dos Estados Unidos";"Detectada instabilidade política em 449 de 661 artigos (67.9%). Principais indicadores: [""Palavra-chave 'militar' encontrada (categoria: golpes)"", ""Palavra-chave 'tensão' encontrada (categoria: conflitos)"", ""Palavra-chave 'mudança' encontrada (categoria: mudanças)""]"
2023-06-135;24/06/2023;08/07/2023;668;486;182;72.75;"Em jogo de superação, Fluminense derrota Bahia no Maracanã; Chefe mercenário irá para Belarus, sob acordo para pôr fim a motim; Skate: Rayssa Leal se garante na decisão da etapa do Circuito Mundial";"Detectada instabilidade política em 486 de 668 artigos (72.8%). Principais indicadores: [""Palavra-chave 'confronto' encontrada (categoria: conflitos)"", ""Palavra-chave 'militar' encontrada (categoria: golpes)"", ""Palavra-chave 'disputa' encontrada (categoria: conflitos)""]"
2023-07-136;09/07/2023;23/07/2023;588;416;172;70.75;"Festival Latinidades termina em Brasília valorizando mulheres pretas; Congresso concentra atividades da semana em comissões; Série D: Vitória bate Real Ariquemes em clássico capixaba e segue vivo";"Detectada instabilidade política em 416 de 588 artigos (70.7%). Principais indicadores: [""Palavra-chave 'disputa' encontrada (categoria: conflitos)"", ""Palavra-chave 'parlamentar' encontrada (categoria: governabilidade)"", ""Palavra-chave 'ataque' encontrada (categoria: violencia)""]"
2023-07-137;24/07/2023;07/08/2023;703;478;225;67.99;"Justiça determina transferência de ex-bombeiro para presídio federal; Só metade das escolas públicas têm projetos antirracistas, aponta ONG; Justiça arquiva ação de Maria do Rosário contra Jair Bolsonaro";"Detectada instabilidade política em 478 de 703 artigos (68.0%). Principais indicadores: [""Palavra-chave 'militar' encontrada (categoria: golpes)"", ""Palavra-chave 'movimento' encontrada (categoria: protestos)"", ""Palavra-chave 'embate' encontrada (categoria: conflitos)""]"
2023-08-138;08/08/2023;22/08/2023;714;530;184;74.23;"Libertadores: Flu supera Argentinos Juniors em jogo tenso e avança; Alíquota-padrão do IVA ficará entre 25,45% e 27%, calcula Fazenda; RJ: Defensoria pede retirada de post que criminaliza adolescente morto";"Detectada instabilidade política em 530 de 714 artigos (74.2%). Principais indicadores: [""Palavra-chave 'disputa' encontrada (categoria: conflitos)"", ""Palavra-chave 'parlamentar' encontrada (categoria: governabilidade)"", ""Palavra-chave 'choque' encontrada (categoria: conflitos)""]"
2023-08-139;23/08/2023;06/09/2023;750;508;242;67.73;"Palmeiras goleia fora de casa e fica perto da semi da Libertadores; Onda de saques na Argentina aponta para disputa presidencial tensa; Santer é campeão do Brasileiro de rugby em cadeira de rodas";"Detectada instabilidade política em 508 de 750 artigos (67.7%). Principais indicadores: [""Palavra-chave 'disputa' encontrada (categoria: conflitos)"", ""Palavra-chave 'crise' encontrada (categoria: crises)"", ""Palavra-chave 'disputa' encontrada (categoria: conflitos)""]"
2023-09-140;07/09/2023;21/09/2023;664;447;217;67.32;"Mortes no Rio Grande do Sul chegam a 41 por causa de ciclone; Série D: Caxias e Ferroviário empatam e decidem domingo vaga na final; Militares defendem formação; pesquisadores criticam currículo";"Detectada instabilidade política em 447 de 664 artigos (67.3%). Principais indicadores: [""Palavra-chave 'militar' encontrada (categoria: golpes)"", ""Palavra-chave 'embate' encontrada (categoria: conflitos)"", ""Palavra-chave 'golpe' encontrada (categoria: golpes)""]"
2023-09-141;22/09/2023;06/10/2023;685;505;180;73.72;"Corinthians mostra eficiência para derrotar Botafogo em Itaquera; Embaixada argentina condecora cantora intérprete de Mercedes Sosa; Família de músico morto no Rio receberá indenização de R$ 2 milhões";"Detectada instabilidade política em 505 de 685 artigos (73.7%). Principais indicadores: [""Palavra-chave 'confronto' encontrada (categoria: conflitos)"", ""Palavra-chave 'movimento' encontrada (categoria: protestos)"", ""Palavra-chave 'militar' encontrada (categoria: golpes)""]"
2023-10-142;07/10/2023;21/10/2023;629;482;147;76.63;"Brasileiros relatam apreensão em zona de conflito; No Rio, carnavalescos debatem crescimento do carnaval de rua no país; Chuvas intensas afetam ao menos 78 cidades de Santa Catarina";"Detectada instabilidade política em 482 de 629 artigos (76.6%). Principais indicadores: [""Palavra-chave 'conflito' encontrada (categoria: conflitos)"", ""Palavra-chave 'militar' encontrada (categoria: golpes)"", ""Palavra-chave 'emergência' encontrada (categoria: crises)""]"
2023-10-143;22/10/2023;05/11/2023;623;466;157;74.80;"Hoje é Dia: semana tem datas que celebram FAB, ONU e EBC; Escolha pelo concurso público precisa envolver pesquisa e vocação; Abertas as inscrições para o prêmio Mude o Mundo Como Uma Menina";"Detectada instabilidade política em 466 de 623 artigos (74.8%). Principais indicadores: [""Palavra-chave 'conflito' encontrada (categoria: conflitos)"", ""Palavra-chave 'mudança' encontrada (categoria: mudanças)"", ""Palavra-chave 'crise' encontrada (categoria: crises)""]"
2023-11-144;06/11/2023;20/11/2023;643;446;197;69.36;"Exposição fotográfica no Rio conta trajetória de Marielle Franco; Vasco vence Botafogo por 1 a 0 e deixa Z4 do Brasileiro; Agricultor do MST é assassinado em Pernambuco, diz movimento";"Detectada instabilidade política em 446 de 643 artigos (69.4%). Principais indicadores: [""Palavra-chave 'violência' encontrada (categoria: violencia)"", ""Palavra-chave 'tensão' encontrada (categoria: conflitos)"", ""Palavra-chave 'movimento' encontrada (categoria: protestos)""]"
2023-11-145;21/11/2023;05/12/2023;663;462;201;69.68;"Brasil inicia disputa do atletismo do Parapan com 14 medalhas; Prefeito do Rio é criticado por defender internação compulsória; Parapan: Brasil fatura mais 9 pódios e já soma 62 medalhas na natação";"Detectada instabilidade política em 462 de 663 artigos (69.7%). Principais indicadores: [""Palavra-chave 'disputa' encontrada (categoria: conflitos)"", ""Palavra-chave 'manifestação' encontrada (categoria: protestos)"", ""Palavra-chave 'disputa' encontrada (categoria: conflitos)""]"
2023-12-146;06/12/2023;20/12/2023;682;504;178;73.90;"Silvio Almeida exalta cinema, objeto de mostra no Rio de Janeiro; Mauro Vieira diz que é necessário preservar a paz na América do Sul; TCU aprova renegociação entre governo e quatro termelétricas";"Detectada instabilidade política em 504 de 682 artigos (73.9%). Principais indicadores: [""Palavra-chave 'violência' encontrada (categoria: violencia)"", ""Palavra-chave 'conflito' encontrada (categoria: conflitos)"", ""Palavra-chave 'crise' encontrada (categoria: crises)""]"
2023-12-147;21/12/2023;04/01/2024;479;333;146;69.52;"Rio aumenta ICMS para 20% a partir de 2024; indústrias criticam; Comissão do Congresso aprova relatório do orçamento de 2024; STF retomará em fevereiro julgamento sobre revisão da vida toda";"Detectada instabilidade política em 333 de 479 artigos (69.5%). Principais indicadores: [""Palavra-chave 'crise' encontrada (categoria: crises)"", ""Palavra-chave 'parlamentar' encontrada (categoria: governabilidade)"", ""Palavra-chave 'reforma' encontrada (categoria: mudanças)""]"
2024-01-148;05/01/2024;19/01/2024;603;402;201;66.67;"Exército conclui que não houve crime de militares no dia 8 de janeiro; BNDES investe em vacina contra covid-19 desenvolvida pela Fiocruz; ""Isso, isso, isso"": São Paulo recebe exposição sobre seriado Chaves";"Detectada instabilidade política em 402 de 603 artigos (66.7%). Principais indicadores: [""Palavra-chave 'militar' encontrada (categoria: golpes)"", ""Palavra-chave 'emergência' encontrada (categoria: crises)"", ""Palavra-chave 'manifestação' encontrada (categoria: protestos)""]"
2024-01-149;20/01/2024;03/02/2024;616;391;225;63.47;"Aéreas brasileiras cancelam voos para Argentina no dia 24 por greve; Relatório da ONU aponta assassinatos étnicos em cidade do Sudão; Dias Toffoli faz cirurgia para corrigir hérnia, em São Paulo";"Detectada instabilidade política em 391 de 616 artigos (63.5%). Principais indicadores: [""Palavra-chave 'protesto' encontrada (categoria: protestos)"", ""Palavra-chave 'conflito' encontrada (categoria: conflitos)"", ""Palavra-chave 'urgente' encontrada (categoria: crises)""]"
2024-02-150;04/02/2024;18/02/2024;614;406;208;66.12;"São Paulo bate Palmeiras e vence a Supercopa do Brasil pela 1ª vez; Em dia de clássico, 50 torcedores do Vasco são presos pela PM do Rio; Sobe para 64 o número de mortos nos incêndios florestais do Chile";"Detectada instabilidade política em 406 de 614 artigos (66.1%). Principais indicadores: [""Palavra-chave 'confronto' encontrada (categoria: conflitos)"", ""Palavra-chave 'confronto' encontrada (categoria: conflitos)"", ""Palavra-chave 'emergência' encontrada (categoria: crises)""]"
2024-02-151;19/02/2024;04/03/2024;699;476;223;68.10;"Empregos ligados à matemática são mais resilientes em épocas de crise; Haddad nega que Centrão tenha pedido saída de assessor especial; Moraes nega pedido de Bolsonaro para adiar depoimento à PF";"Detectada instabilidade política em 476 de 699 artigos (68.1%). Principais indicadores: [""Palavra-chave 'crise' encontrada (categoria: crises)"", ""Palavra-chave 'impasse' encontrada (categoria: governabilidade)"", ""Palavra-chave 'golpe' encontrada (categoria: golpes)""]"
2024-03-152;05/03/2024;19/03/2024;644;476;168;73.91;"Chuva coloca cidade de São Paulo em estado de atenção; Gestores analisam e votam propostas na Conferência Nacional de Cultura; Eleição presidencial na Venezuela será realizada em 28 de julho";"Detectada instabilidade política em 476 de 644 artigos (73.9%). Principais indicadores: [""Palavra-chave 'emergência' encontrada (categoria: crises)"", ""Palavra-chave 'reforma' encontrada (categoria: mudanças)"", ""Palavra-chave 'eleição' encontrada (categoria: eleições)""]"
2024-03-153;20/03/2024;03/04/2024;624;456;168;73.08;"Fluminense e Internacional empatam pelo Brasileiro Feminino; Câmara dos Deputados aprova texto-base do novo ensino médio; STF determina plano de combate a incêndios no Pantanal e na Amazônia";"Detectada instabilidade política em 456 de 624 artigos (73.1%). Principais indicadores: [""Palavra-chave 'disputa' encontrada (categoria: conflitos)"", ""Palavra-chave 'parlamentar' encontrada (categoria: governabilidade)"", ""Palavra-chave 'intervenção' encontrada (categoria: golpes)""]"
2024-04-154;04/04/2024;18/04/2024;668;475;193;71.11;"Catanduva derrota Ponta Grossa na Liga de Basquete Feminino; Justiça rejeita ação de senador contra fotógrafo Lula Marques; Vazamento de poluente suspende água para cidades do estado do Rio";"Detectada instabilidade política em 475 de 668 artigos (71.1%). Principais indicadores: [""Palavra-chave 'disputa' encontrada (categoria: conflitos)"", ""Palavra-chave 'parlamentar' encontrada (categoria: governabilidade)"", ""Palavra-chave 'crime' encontrada (categoria: violencia)""]"
2024-04-155;19/04/2024;03/05/2024;684;481;203;70.32;"Irã sinaliza que não planeja retaliar Israel após ataque com drones; Alexandre de Moraes diz que soberania brasileira está sob ataque; Município do Rio e TSE lançam pedra fundamental do Museu da Democracia";"Detectada instabilidade política em 481 de 684 artigos (70.3%). Principais indicadores: [""Palavra-chave 'conflito' encontrada (categoria: conflitos)"", ""Palavra-chave 'ataque' encontrada (categoria: violencia)"", ""Palavra-chave 'crise' encontrada (categoria: crises)""]"
2024-05-156;04/05/2024;18/05/2024;745;478;267;64.16;"Chuvas no RS: mais de 10 mil pessoas foram resgatadas; Lula volta ao Rio Grande do Sul neste domingo; Estudantes da Irlanda e Suíça fazem protetos contra guerra em Gaza";"Detectada instabilidade política em 478 de 745 artigos (64.2%). Principais indicadores: ['Contexto político negativo detectado na análise qualitativa', ""Palavra-chave 'crise' encontrada (categoria: crises)"", ""Palavra-chave 'protesto' encontrada (categoria: protestos)""]"
2024-05-157;19/05/2024;02/06/2024;660;456;204;69.09;"Brasil tem domingo dourado no Mundial de atletismo paralímpico; Governos reagem à queda de helicóptero com presidente do Irã a bordo; Projeto de parque na região portuária do Rio prevê praças flutuantes";"Detectada instabilidade política em 456 de 660 artigos (69.1%). Principais indicadores: [""Palavra-chave 'disputa' encontrada (categoria: conflitos)"", ""Palavra-chave 'crise' encontrada (categoria: crises)"", ""Palavra-chave 'reforma' encontrada (categoria: mudanças)""]"
2024-06-158;03/06/2024;17/06/2024;687;474;213;69.00;"Política Nacional de Fronteiras vai orientar ações em áreas limítrofes; Cheias no Afeganistão afetam milhares de crianças, alerta Unicef; Delegado Rivaldo Barbosa presta depoimento sobre caso Marielle";"Detectada instabilidade política em 474 de 687 artigos (69.0%). Principais indicadores: [""Palavra-chave 'tensão' encontrada (categoria: conflitos)"", ""Palavra-chave 'crise' encontrada (categoria: crises)"", ""Palavra-chave 'militar' encontrada (categoria: golpes)""]"
2024-06-159;18/06/2024;02/07/2024;697;469;228;67.29;"Forças israelenses intensificam invasão de Rafah e matam 17 pessoas; Evangélicos entendem mudanças climáticas como resultado da ação humana; Ipea estima 24 mil homicídios não registrados no país de 2019 a 2022";"Detectada instabilidade política em 469 de 697 artigos (67.3%). Principais indicadores: [""Palavra-chave 'militar' encontrada (categoria: golpes)"", ""Palavra-chave 'mudança' encontrada (categoria: mudanças)"", ""Palavra-chave 'violência' encontrada (categoria: violencia)""]"
2024-07-160;03/07/2024;17/07/2024;617;441;176;71.47;"Flamengo goleia Atlético-MG e segue na liderança do Brasileiro; Moraes mantém prisão de réu que quebrou relógio histórico no Planalto; Governo discute baixa adesão a Sistema de Promoção da Igualdade Racial";"Detectada instabilidade política em 441 de 617 artigos (71.5%). Principais indicadores: [""Palavra-chave 'confronto' encontrada (categoria: conflitos)"", ""Palavra-chave 'golpe' encontrada (categoria: golpes)"", 'Contexto político negativo detectado na análise qualitativa']"
2024-07-161;18/07/2024;01/08/2024;611;428;183;70.05;"PGR é contra suspensão da privatização da Sabesp; Legado de Nelson Mandela serve a todas as nações, diz ex-ministra; Mendonça reconsidera decisão que suspendeu punição a federações";"Detectada instabilidade política em 428 de 611 artigos (70.0%). Principais indicadores: [""Palavra-chave 'movimento' encontrada (categoria: protestos)"", ""Palavra-chave 'terrorismo' encontrada (categoria: violencia)"", ""Palavra-chave 'mudança' encontrada (categoria: mudanças)""]"
2024-08-162;02/08/2024;16/08/2024;668;467;201;69.91;"Governo quer apoio de times de futebol contra feminicídio; Massacre de Paraisópolis: Justiça ouve duas testemunhas de defesa; Kamala tem delegados suficientes para se tornar candidata presidencial";"Detectada instabilidade política em 467 de 668 artigos (69.9%). Principais indicadores: [""Palavra-chave 'emergência' encontrada (categoria: crises)"", ""Palavra-chave 'militar' encontrada (categoria: golpes)"", ""Palavra-chave 'parlamentar' encontrada (categoria: governabilidade)""]"
2024-08-163;17/08/2024;31/08/2024;472;340;132;72.03;"MST apresenta demandas a Lula em encontro na Granja do Torto; Concurso unificado: capitais montam esquema especial de trânsito; Atos contra e a favor governo Maduro tomam as ruas na Venezuela";"Detectada instabilidade política em 340 de 472 artigos (72.0%). Principais indicadores: [""Palavra-chave 'crise' encontrada (categoria: crises)"", ""Palavra-chave 'mudança' encontrada (categoria: mudanças)"", ""Palavra-chave 'militar' encontrada (categoria: golpes)""]"
2024-09-164;16/09/2024;30/09/2024;309;201;108;65.05;"Al-Jazeera considera criminoso ataque israelense às suas instalações; Ato em SP conclama para medidas de mitigação da emergência climática; França forma novo governo após semanas de incerteza";"Detectada instabilidade política em 201 de 309 artigos (65.0%). Principais indicadores: [""Palavra-chave 'militar' encontrada (categoria: golpes)"", ""Palavra-chave 'crise' encontrada (categoria: crises)"", ""Palavra-chave 'parlamentar' encontrada (categoria: governabilidade)""]"
2024-10-165;01/10/2024;15/10/2024;541;405;136;74.86;"Juiz suspende portarias da Fazenda que regulamentaram apostas online; Brasil pode obter grau de investimento até 2026, diz Haddad; Entenda o que é o grau de investimento de um país";"Detectada instabilidade política em 405 de 541 artigos (74.9%). Principais indicadores: [""Palavra-chave 'reforma' encontrada (categoria: mudanças)"", ""Palavra-chave 'choque' encontrada (categoria: conflitos)"", ""Palavra-chave 'crise' encontrada (categoria: crises)""]"
2024-10-166;16/10/2024;30/10/2024;703;509;194;72.40;"Câmara aprova divulgação de dados do Censo Escolar e de exames; Polícia Federal abre inquérito para apurar transplantes com HIV no Rio; Lula elogia ministros e descarta mudanças na equipe";"Detectada instabilidade política em 509 de 703 artigos (72.4%). Principais indicadores: [""Palavra-chave 'presidencial' encontrada (categoria: eleições)"", ""Palavra-chave 'urgente' encontrada (categoria: crises)"", ""Palavra-chave 'disputa' encontrada (categoria: conflitos)""]"
2024-10-167;31/10/2024;14/11/2024;288;187;101;64.93;"Esquema de pirâmide que movimentou R$ 1 bi é alvo de operação no Rio; Número de lares urbanos com internet passou de 13% para 85% em 20 anos; ONU alerta para agravamento da fome em Gaza, no Sudão e Mali em 2025";"Detectada instabilidade política em 187 de 288 artigos (64.9%). Principais indicadores: [""Palavra-chave 'golpe' encontrada (categoria: golpes)"", ""Palavra-chave 'crise' encontrada (categoria: crises)"", ""Palavra-chave 'crise' encontrada (categoria: crises)""]"
